,City,Lat,Lng,Max Temp,Humidity,Cloudiness,Wind Speed,Country,Date
0,luderitz,-26.6481,15.1594,67.32,41,0,9.19,NA,1651004206
1,kapaa,22.0752,-159.319,78.78,89,100,14.97,US,1651004207
2,saskylakh,71.9167,114.0833,-2.56,98,99,3.67,RU,1651004207
3,vila velha,-20.3297,-40.2925,82.35,86,40,9.22,BR,1651004119
4,pasighat,28.0667,95.3333,69.12,72,34,4.45,IN,1651004208
5,tuktoyaktuk,69.4541,-133.0374,14.0,85,100,5.75,CA,1651004208
6,arraial do cabo,-22.9661,-42.0278,78.76,83,0,13.8,BR,1651004208
7,castro,-24.7911,-50.0119,73.15,75,50,3.78,BR,1651004209
8,waipawa,-41.4122,175.5153,51.87,83,24,3.0,NZ,1651004209
9,vaini,-21.2,-175.2,77.16,69,20,9.22,TO,1651004209
10,iqaluit,63.7506,-68.5145,5.7,55,57,2.1,CA,1651004209
11,rocha,-34.4833,-54.3333,74.17,77,58,12.15,UY,1651004210
12,punta arenas,-53.15,-70.9167,42.91,61,40,9.22,CL,1651004210
13,hilo,19.7297,-155.09,78.28,85,100,4.61,US,1651004210
14,baie-comeau,49.2168,-68.1489,44.28,87,100,3.44,CA,1651004211
15,broome,42.2506,-75.833,55.71,82,100,8.05,US,1651004211
16,deputatskiy,69.3,139.9,0.41,99,100,1.79,RU,1651004211
17,bengkulu,-3.8004,102.2655,77.47,89,53,5.44,ID,1651004212
18,lata,40.1629,-8.3327,57.92,94,2,1.28,PT,1651004212
19,bluff,-46.6,168.3333,50.81,81,74,7.63,NZ,1651004212
20,ushuaia,-54.8,-68.3,40.66,75,75,4.61,AR,1651004131
21,kaitangata,-46.2817,169.8464,49.44,93,83,6.76,NZ,1651004213
22,san ramon,37.7799,-121.978,71.56,54,0,17.27,US,1651004138
23,imbituba,-28.24,-48.6703,77.86,85,100,9.4,BR,1651004213
24,port lincoln,-34.7333,135.8667,61.18,88,26,4.32,AU,1651004213
25,tura,25.5198,90.2201,73.63,82,0,5.19,IN,1651004200
26,tevriz,57.509,72.4042,41.27,93,35,3.6,RU,1651004214
27,santa ana,33.7456,-117.8678,89.85,42,75,12.66,US,1651004214
28,hithadhoo,-0.6,73.0833,84.85,73,100,8.46,MV,1651004215
29,puerto ayora,-0.7393,-90.3518,78.76,75,88,7.92,EC,1651004215
30,airai,-8.9266,125.4092,58.5,89,100,0.36,TL,1651004215
31,dundwaraganj,27.7333,78.95,87.33,12,0,0.22,IN,1651004215
32,mar del plata,-38.0023,-57.5575,71.62,94,75,15.01,AR,1651004216
33,yatou,37.15,122.3833,50.34,55,53,11.27,CN,1651004216
34,yeniseysk,58.4497,92.1703,29.34,97,100,1.99,RU,1651004216
35,alice town,25.7167,-79.3,75.61,68,0,12.12,BS,1651004217
36,massakory,12.996,15.7293,94.42,27,10,4.92,TD,1651004217
37,chokurdakh,70.6333,147.9167,4.95,98,100,6.42,RU,1651004217
38,shimoda,34.6667,138.95,69.1,95,100,23.22,JP,1651004218
39,pangkalanbuun,-2.6833,111.6167,75.42,97,100,0.96,ID,1651004218
40,wanning,18.8003,110.3967,77.99,93,14,9.93,CN,1651004219
41,yellowknife,62.456,-114.3525,46.92,46,20,9.22,CA,1651004219
42,klaksvik,62.2266,-6.589,40.12,67,99,6.2,FO,1651004219
43,upernavik,72.7868,-56.1549,30.2,74,92,6.67,GL,1651004219
44,umm kaddadah,13.6017,26.6876,87.01,20,100,9.19,SD,1651004220
45,saint-philippe,-21.3585,55.7679,73.22,83,37,11.9,RE,1651004220
46,uppsala,60.0,17.75,33.31,69,40,0.0,SE,1651004220
47,kruisfontein,-34.0033,24.7314,52.88,93,0,7.34,ZA,1651004221
48,kaeo,-35.1,173.7833,58.32,93,14,4.34,NZ,1651004220
49,teya,60.3778,92.6267,9.46,98,60,1.52,RU,1651004221
50,leningradskiy,69.3833,178.4167,10.45,90,63,10.4,RU,1651004222
51,souillac,-20.5167,57.5167,75.58,88,75,10.36,MU,1651004222
52,lao cai,22.4833,103.95,75.0,55,0,1.95,VN,1651004222
53,tonj,7.2737,28.6822,86.36,32,81,3.62,SS,1651004223
54,rikitea,-23.1203,-134.9692,78.15,74,100,22.57,PF,1651004223
55,jijiga,9.35,42.8,67.32,71,79,4.43,ET,1651004223
56,atuona,-9.8,-139.0333,79.27,72,25,23.15,PF,1651004121
57,egvekinot,66.3167,-179.1667,22.71,82,100,3.56,RU,1651004224
58,farafangana,-22.8167,47.8333,75.65,86,96,14.2,MG,1651004224
59,touros,-5.1989,-35.4608,81.18,75,7,14.32,BR,1651004224
60,nikolskoye,59.7035,30.7861,40.89,78,84,7.16,RU,1651004225
61,cape town,-33.9258,18.4232,61.21,72,0,18.41,ZA,1651004225
62,busselton,-33.65,115.3333,56.28,87,72,3.02,AU,1651004225
63,butaritari,3.0707,172.7902,81.01,83,35,19.19,KI,1651004226
64,vardo,70.3705,31.1107,17.58,93,100,31.07,NO,1651004226
65,ambilobe,-13.2,49.05,72.93,86,84,3.71,MG,1651004226
66,kahului,20.8947,-156.47,82.42,64,40,14.97,US,1651004227
67,havoysund,70.9963,24.6622,21.43,65,100,27.34,NO,1651004227
68,bardiyah,31.7561,25.0865,65.34,62,1,7.29,LY,1651004227
69,phibun mangsahan,15.2447,105.2291,80.58,75,100,7.38,TH,1651004228
70,linxia,35.6003,103.2064,55.96,50,93,4.72,CN,1651004228
71,salihorsk,52.7876,27.5415,46.92,76,100,6.58,BY,1651004228
72,avarua,-21.2078,-159.775,82.45,83,40,6.91,CK,1651004229
73,poum,-20.2333,164.0167,76.26,63,100,17.02,NC,1651004229
74,mount clemens,42.5973,-82.878,47.37,69,100,13.8,US,1651004229
75,caborca,30.5838,-111.101,92.07,8,20,14.05,MX,1651004230
76,tasiilaq,65.6145,-37.6368,33.96,89,87,3.36,GL,1651004230
77,new norfolk,-42.7826,147.0587,47.91,86,100,2.08,AU,1651004230
78,fairbanks,64.8378,-147.7164,48.54,57,100,4.61,US,1651004102
79,qaanaaq,77.484,-69.3632,16.56,76,31,3.44,GL,1651004121
80,lagoa,39.05,-27.9833,61.2,84,100,21.81,PT,1651004231
81,laguna,38.421,-121.4238,76.32,38,0,8.05,US,1651004231
82,broken hill,-31.95,141.4333,58.71,88,100,4.61,AU,1651004231
83,korla,41.7597,86.1469,59.59,27,0,5.5,CN,1651004232
84,ostrovnoy,68.0531,39.5131,16.68,75,3,18.12,RU,1651004232
85,east london,-33.0153,27.9116,61.97,79,3,12.97,ZA,1651004232
86,geraldton,-28.7667,114.6,59.41,88,75,18.41,AU,1651004233
87,hobart,-42.8794,147.3294,48.27,92,75,6.91,AU,1651004103
88,namie,37.4833,141.0,72.72,92,100,9.51,JP,1651004233
89,tabira,-7.5908,-37.5394,82.56,40,59,8.63,BR,1651004233
90,haines junction,60.7522,-137.5108,43.65,74,100,3.94,CA,1651003959
91,buraydah,26.326,43.975,81.05,40,0,17.16,SA,1651004234
92,hermanus,-34.4187,19.2345,57.87,76,0,8.48,ZA,1651004234
93,ola,59.5833,151.2833,26.15,69,19,6.78,RU,1651004235
94,seoul,37.5683,126.9778,56.59,21,28,10.09,KR,1651004057
95,constitucion,-35.3333,-72.4167,54.19,82,80,7.0,CL,1651004235
96,barrow,71.2906,-156.7887,8.62,85,100,13.8,US,1651004235
97,ponta do sol,32.6667,-17.1,64.71,74,35,4.59,PT,1651004236
98,malpura,26.2833,75.3833,90.59,15,1,10.56,IN,1651004236
99,kurumkan,54.3,110.3,26.01,64,33,2.57,RU,1651004236
100,dzaoudzi,-12.7887,45.2699,80.49,89,0,4.61,YT,1651004237
101,verkhnetulomskiy,68.6073,31.7962,19.53,71,11,10.4,RU,1651004237
102,mazamari,-11.3258,-74.5308,88.57,50,100,3.22,PE,1651004237
103,shingu,33.7333,135.9833,67.89,98,100,5.23,JP,1651004238
104,port blair,11.6667,92.75,83.16,76,100,1.99,IN,1651004131
105,aklavik,68.2191,-135.0107,30.06,94,76,5.61,CA,1651004068
106,karratha,-20.7377,116.8463,79.72,57,100,12.1,AU,1651004238
107,cedar city,37.6775,-113.0619,70.77,10,0,21.85,US,1651004173
108,port elizabeth,-33.918,25.5701,55.09,84,21,10.42,ZA,1651004238
109,lebu,-37.6167,-73.65,52.29,80,6,9.82,CL,1651004239
110,walvis bay,-22.9575,14.5053,63.55,77,0,3.44,NA,1651004239
111,huilong,31.8111,121.655,60.93,92,100,8.19,CN,1651004239
112,kota bahru,6.1333,102.2386,78.75,94,20,0.0,MY,1651004240
113,praya,14.9215,-23.5087,72.14,73,20,20.71,CV,1651004240
114,cabo san lucas,22.8909,-109.9124,88.61,32,0,11.5,MX,1651004108
115,saldanha,-33.0117,17.9442,58.3,81,0,16.31,ZA,1651004044
116,pisco,-13.7,-76.2167,71.65,68,0,18.41,PE,1651004241
117,voloshka,61.3314,40.0858,38.86,91,99,8.12,RU,1651004241
118,cidreira,-30.1811,-50.2056,72.28,86,11,10.56,BR,1651004241
119,georgetown,5.4112,100.3354,80.53,89,20,5.75,MY,1651004141
120,lavrentiya,65.5833,-171.0,22.5,86,87,4.23,RU,1651004242
121,tuatapere,-46.1333,167.6833,51.69,90,100,6.78,NZ,1651004242
122,coihaique,-45.5752,-72.0662,41.61,87,75,4.61,CL,1651004208
123,yulara,-25.2406,130.9889,57.04,54,98,3.44,AU,1651004242
124,bredasdorp,-34.5322,20.0403,56.12,75,1,1.66,ZA,1651004243
125,fortuna,40.5982,-124.1573,59.94,60,0,16.11,US,1651004227
126,kutum,14.2,24.6667,80.4,20,94,1.54,SD,1651004243
127,pevek,69.7008,170.3133,25.59,71,100,8.7,RU,1651004243
128,phangnga,8.4509,98.5298,77.04,92,98,2.91,TH,1651004244
129,yantal,56.8471,105.2542,33.21,95,100,10.92,RU,1651004244
130,nanortalik,60.1432,-45.2371,37.45,82,100,5.35,GL,1651004244
131,albany,42.6001,-73.9662,54.54,85,100,1.52,US,1651003931
132,camacupa,-12.0167,17.4833,66.31,67,77,2.04,AO,1651004245
133,talnakh,69.4865,88.3972,11.21,94,89,7.52,RU,1651004245
134,cuencame,24.8711,-103.6964,82.83,25,56,11.45,MX,1651004245
135,leh,34.1667,77.5833,40.95,50,20,4.45,IN,1651004246
136,saint george,37.1041,-113.5841,83.79,8,0,3.44,US,1651004246
137,hammerfest,70.6634,23.6821,18.05,62,40,13.8,NO,1651004246
138,sharjah,25.3573,55.4033,88.09,35,0,8.05,AE,1651004247
139,diu,20.7141,70.9822,82.15,58,0,12.86,IN,1651004247
140,kununurra,-15.7667,128.7333,67.98,88,100,3.44,AU,1651004247
141,bathsheba,13.2167,-59.5167,81.21,83,40,8.05,BB,1651004248
142,itarema,-2.9248,-39.9167,78.73,87,69,12.06,BR,1651004248
143,fayaoue,-20.65,166.5333,77.22,61,100,20.6,NC,1651004248
144,altamira,-3.2033,-52.2064,84.29,79,20,2.3,BR,1651004165
145,gagino,55.2314,45.0339,52.14,92,50,2.59,RU,1651004249
146,bambous virieux,-20.3428,57.7575,76.21,88,75,10.36,MU,1651004249
147,high level,58.5169,-117.136,48.31,49,75,6.91,CA,1651004249
148,nishihara,26.1842,127.7558,77.05,97,100,16.11,JP,1651004250
149,kijang,35.2442,129.2139,60.53,90,60,6.35,KR,1651004250
150,awjilah,29.1081,21.2869,83.16,13,82,15.08,LY,1651004250
151,tome,-36.6167,-72.95,56.01,75,44,9.95,CL,1651004251
152,hastings,50.8552,0.5729,50.79,62,11,11.86,GB,1651004251
153,umm lajj,25.0213,37.2685,80.11,50,99,4.76,SA,1651004251
154,ayagoz,47.9714,80.4392,43.86,36,86,5.21,KZ,1651004251
155,mayakonda,14.2833,76.0833,81.93,53,0,3.94,IN,1651004252
156,cherskiy,68.75,161.3,28.44,87,100,3.69,RU,1651004252
157,meulaboh,4.1363,96.1285,76.64,82,100,3.87,ID,1651004198
158,kamina,-8.7386,24.9906,65.59,91,80,0.87,CD,1651004252
159,mount isa,-20.7333,139.5,67.77,100,0,3.44,AU,1651004253
160,jamestown,42.097,-79.2353,46.02,57,100,6.91,US,1651004013
161,bethel,41.3712,-73.414,55.49,92,100,1.01,US,1651004133
162,vestmanna,62.1564,-7.1664,38.32,75,20,4.61,FO,1651004253
163,tianpeng,30.9866,103.9393,73.87,80,61,5.37,CN,1651004254
164,sola,-13.8833,167.55,81.36,74,98,19.04,VU,1651004191
165,north platte,41.1239,-100.7654,75.11,20,0,20.71,US,1651004254
166,saint anthony,45.0205,-93.218,43.66,48,40,11.5,US,1651004254
167,hohhot,40.8106,111.6522,44.89,14,40,15.66,CN,1651004255
168,miri,4.4148,114.0089,75.34,100,40,3.44,MY,1651004255
169,wicklow,53.0,-6.4167,42.46,84,15,3.15,IE,1651004255
170,port alfred,-33.5906,26.891,57.18,90,6,1.99,ZA,1651004256
171,satuk,41.2263,32.3836,54.7,68,69,1.88,TR,1651004256
172,severo-kurilsk,50.6789,156.125,30.72,83,70,8.01,RU,1651004256
173,victoria,22.2855,114.1577,81.32,86,2,5.99,HK,1651004166
174,cauquenes,-35.9671,-72.3225,53.71,73,93,9.15,CL,1651004257
175,zaria,11.1113,7.7227,87.98,22,96,5.28,NG,1651004257
176,kerema,-7.9631,145.7785,77.47,89,85,5.53,PG,1651004257
177,kamenka,51.3223,42.7678,58.96,76,95,5.88,RU,1651004115
178,tiksi,71.6872,128.8694,-5.24,100,59,3.53,RU,1651004258
179,labytnangi,66.6572,66.4183,34.11,100,100,12.53,RU,1651004258
180,guiyang,26.5833,106.7167,63.09,100,75,4.47,CN,1651004258
181,mahebourg,-20.4081,57.7,76.24,88,75,10.36,MU,1651004259
182,padang,-0.9492,100.3543,78.67,86,100,3.67,ID,1651004259
183,husavik,66.0449,-17.3389,39.63,95,100,1.19,IS,1651004259
184,ankang,32.68,109.0172,65.48,80,100,2.73,CN,1651004260
185,codrington,-38.2667,141.9667,59.9,77,100,9.37,AU,1651004260
186,beringovskiy,63.05,179.3167,32.11,99,100,9.6,RU,1651004260
187,aquiraz,-3.9014,-38.3911,84.29,83,26,8.66,BR,1651004261
188,katsuura,35.1333,140.3,69.82,91,100,31.47,JP,1651004261
189,faanui,-16.4833,-151.75,82.72,72,30,20.27,PF,1651004261
190,harper,4.375,-7.7169,79.88,85,100,7.23,LR,1651004262
191,saraipali,21.3333,83.0,90.03,14,5,7.36,IN,1651004262
192,boyolangu,-8.1181,111.8935,74.84,93,92,0.83,ID,1651004262
193,olafsvik,64.8945,-23.7142,42.93,76,100,5.19,IS,1651004263
194,bonthe,7.5264,-12.505,81.0,80,86,11.07,SL,1651004263
195,kamaishi,39.2667,141.8833,59.52,93,100,15.37,JP,1651004263
196,te anau,-45.4167,167.7167,44.71,90,42,0.43,NZ,1651004264
197,pacific grove,36.6177,-121.9166,71.55,71,20,15.01,US,1651004264
198,bambanglipuro,-7.95,110.2833,77.02,90,86,4.43,ID,1651004264
199,bonavista,48.6499,-53.1147,36.03,88,40,7.27,CA,1651004265
200,harer,9.3094,42.1258,61.7,87,55,1.7,ET,1651004265
201,dikson,73.5069,80.5464,2.61,98,94,9.75,RU,1651004265
202,khatanga,71.9667,102.5,10.36,94,100,7.05,RU,1651004266
203,san patricio,28.017,-97.5169,76.89,59,100,10.4,US,1651004266
204,myaundzha,63.0494,147.1858,13.48,94,100,3.18,RU,1651004266
205,morro bay,35.3658,-120.8499,77.25,54,100,8.01,US,1651004266
206,carnot,4.9409,15.8665,71.24,93,100,1.3,CF,1651004267
207,oranjemund,-28.55,16.4333,57.31,76,0,8.63,NA,1651004267
208,angoram,-4.0625,144.0661,72.73,97,64,1.25,PG,1651004267
209,xiuyan,40.2928,123.2744,43.07,44,6,6.4,CN,1651004268
210,nabire,-3.3667,135.4833,76.69,89,99,3.38,ID,1651004268
211,sinjai,-5.1241,120.253,74.82,89,100,4.38,ID,1651004269
212,alofi,-19.0595,-169.9187,71.49,94,100,1.14,NU,1651004269
213,oussouye,12.485,-16.5469,91.58,51,26,15.46,SN,1651004269
214,richards bay,-28.783,32.0377,65.7,75,99,7.78,ZA,1651004116
215,worcester,42.3334,-71.8328,53.85,90,100,4.61,US,1651004270
216,wajima,37.4,136.9,57.9,97,100,12.68,JP,1651004270
217,srednekolymsk,67.45,153.6833,16.99,95,100,12.64,RU,1651004270
218,chapleau,47.8405,-83.4034,23.09,68,100,9.22,CA,1651004271
219,sao filipe,14.8961,-24.4956,75.83,67,13,13.27,CV,1651004119
220,kirovskiy,45.0917,133.5136,37.65,84,92,20.09,RU,1651004271
221,vysokogornyy,50.1167,139.15,23.5,97,100,2.46,RU,1651004271
222,mosquera,4.7059,-74.2302,60.89,77,75,11.5,CO,1651004272
223,nichinan,31.6,131.3667,71.42,94,100,8.88,JP,1651004187
224,nhulunbuy,-12.2333,136.7667,75.81,94,92,0.0,AU,1651004272
225,concepcion,-36.827,-73.0498,57.0,67,40,14.97,CL,1651004272
226,mataura,-46.1927,168.8643,50.49,99,89,1.99,NZ,1651004273
227,mount gambier,-37.8333,140.7667,58.91,82,100,8.05,AU,1651004273
228,nevelsk,46.6733,141.8633,40.89,97,100,5.99,RU,1651004273
229,kaili,-3.4626,120.2147,67.05,96,100,2.39,ID,1651004274
230,victoria point,-27.5833,153.3,65.91,95,100,1.01,AU,1651004274
231,eyemouth,55.8713,-2.0901,45.82,69,100,9.01,GB,1651004274
232,corner brook,48.9667,-57.9484,55.56,65,100,3.24,CA,1651004132
233,haimen,23.1935,116.6142,73.29,83,6,5.48,CN,1651004275
234,rundu,-17.9333,19.7667,72.84,39,100,4.88,NA,1651004275
235,urumqi,43.801,87.6005,47.35,71,0,2.24,CN,1651004275
236,nuuk,64.1835,-51.7216,36.21,93,75,46.04,GL,1651004169
237,phalodi,27.1333,72.3667,86.05,28,0,15.41,IN,1651004276
238,torbay,47.6666,-52.7314,39.88,92,100,14.0,CA,1651004276
239,anzio,41.4853,12.6179,61.0,81,0,6.71,IT,1651004276
240,jumla,29.2747,82.1838,46.54,65,0,4.99,NP,1651004277
241,ribeira grande,38.5167,-28.7,63.0,88,75,14.97,PT,1651004277
242,bandarbeyla,9.4942,50.8122,81.81,76,5,7.45,SO,1651004277
243,tautira,-17.7333,-149.15,81.46,76,37,22.03,PF,1651004122
244,rawah,34.4816,41.9093,72.7,53,6,6.78,IQ,1651004278
245,pecos,31.4229,-103.4932,70.63,45,100,11.5,US,1651004027
246,apastovo,55.2029,48.5109,56.64,85,100,11.54,RU,1651004278
247,coronado,32.6859,-117.1831,87.28,58,40,11.5,US,1651004198
248,abancay,-13.6339,-72.8814,70.77,58,82,6.26,PE,1651004279
249,minna,9.6139,6.5569,91.11,52,0,3.44,NG,1651004279
250,bykovo,55.6361,38.0803,55.42,62,40,6.71,RU,1651004279
251,rudbar,30.15,62.6,87.21,12,42,7.58,AF,1651004279
252,hasaki,35.7333,140.8333,72.28,87,100,32.84,JP,1651004280
253,skeldon,5.8833,-57.1333,81.81,83,45,7.38,GY,1651004280
254,necochea,-38.5473,-58.7368,68.85,81,100,15.14,AR,1651004281
255,pooler,32.1155,-81.2471,88.97,35,75,6.91,US,1651004025
256,lodja,-3.4833,23.4333,68.27,99,98,0.65,CD,1651004281
257,badajoz,38.6667,-6.1667,58.41,66,100,5.95,ES,1651004282
258,cadillac,44.2519,-85.4012,34.79,93,100,8.05,US,1651004282
259,la peca,-5.6111,-78.435,83.21,56,97,0.98,PE,1651004282
260,santo tomas,14.1079,121.1414,81.48,92,71,5.21,PH,1651004282
261,kubinka,55.5839,36.69,51.8,82,82,3.96,RU,1651004283
262,gat,31.61,34.7642,77.4,58,85,5.73,IL,1651004102
263,san alberto,7.7611,-73.3922,86.2,72,79,2.86,CO,1651004283
264,huarmey,-10.0681,-78.1522,72.61,77,43,12.55,PE,1651004284
265,caravelas,-17.7125,-39.2481,78.58,73,0,5.55,BR,1651004284
266,tiznit,29.5833,-9.5,56.21,74,0,8.12,MA,1651004244
267,safaga,26.7292,33.9365,82.09,35,0,5.44,EG,1651004285
268,xichang,27.8964,102.2634,59.83,82,3,1.99,CN,1651004285
269,madang,-5.2246,145.7966,76.01,89,67,3.49,PG,1651004285
270,sioux lookout,50.1001,-91.917,28.47,40,100,8.05,CA,1651004286
271,nantucket,41.2835,-70.0995,53.71,81,100,11.5,US,1651004286
272,sri aman,1.2376,111.4621,75.25,100,98,3.44,MY,1651004287
273,tilichiki,60.4667,166.1,29.53,96,100,6.85,RU,1651004287
274,kurchum,48.5722,83.6542,44.2,56,90,4.52,KZ,1651004287
275,jaten,-7.5772,110.8975,74.98,90,71,1.68,ID,1651004288
276,changping,40.2186,116.2197,55.04,17,15,3.47,CN,1651004288
277,mozarlandia,-14.7447,-50.5706,88.16,43,6,5.32,BR,1651004288
278,doka,13.5167,35.7667,90.28,19,100,6.42,SD,1651004289
279,narsaq,60.9167,-46.05,43.02,74,99,0.85,GL,1651004289
280,provideniya,64.3833,-173.3,28.96,81,44,8.66,RU,1651004263
281,ilulissat,69.2167,-51.1,35.62,80,100,6.91,GL,1651004289
282,tual,-5.6667,132.75,83.5,73,97,4.34,ID,1651004290
283,jerome,42.7241,-114.5186,61.63,36,75,18.41,US,1651004290
284,obo,5.3998,26.4869,70.86,91,100,3.74,CF,1651004290
285,chambas,22.1928,-78.9136,84.31,47,6,16.26,CU,1651004291
286,abeche,13.8292,20.8324,89.92,19,71,4.56,TD,1651004291
287,kodiak,57.79,-152.4072,45.91,53,100,11.5,US,1651004256
288,aromashevo,56.8602,68.6375,47.46,61,11,7.27,RU,1651004292
289,mwinilunga,-11.7358,24.4293,62.19,78,87,3.65,ZM,1651004292
290,biltine,14.5333,20.9167,92.59,15,97,4.05,TD,1651004292
291,doba,8.65,16.85,86.22,44,91,3.67,TD,1651004292
292,adrar,20.5022,-10.0711,76.55,25,0,10.49,MR,1651004293
293,alice springs,-23.7,133.8833,51.35,76,85,0.0,AU,1651004241
294,piacabucu,-10.4056,-36.4344,79.54,72,3,7.83,BR,1651004293
295,biak,-0.9131,122.8766,77.27,85,100,2.17,ID,1651004294
296,sitka,57.0531,-135.33,46.29,81,100,0.0,US,1651004294
297,xuddur,4.1213,43.8894,75.34,76,100,1.36,SO,1651004294
298,kalmunai,7.4167,81.8167,80.87,75,98,3.71,LK,1651004295
299,carnarvon,-24.8667,113.6333,69.87,68,75,19.57,AU,1651004295
300,milkovo,54.7167,158.6167,30.09,73,10,3.27,RU,1651004295
301,victor harbor,-35.5667,138.6167,59.68,91,100,8.84,AU,1651004296
302,port macquarie,-31.4333,152.9167,60.89,88,100,2.82,AU,1651004296
303,urshelskiy,55.6783,40.2169,47.16,90,100,5.08,RU,1651004296
304,marsh harbour,26.5412,-77.0636,75.79,66,0,10.89,BS,1651004296
305,dhuburi,26.0333,89.9667,78.46,74,0,6.24,IN,1651004297
306,guisa,20.255,-76.5386,81.77,55,43,10.78,CU,1651004297
307,jatai,-17.8814,-51.7144,83.25,45,7,7.99,BR,1651004298
308,yerbogachen,61.2767,108.0108,23.29,97,58,4.03,RU,1651004298
309,chuy,-33.6971,-53.4616,71.04,82,57,9.64,UY,1651004298
310,alta floresta,-9.8756,-56.0861,93.02,46,20,8.05,BR,1651004298
311,villa guerrero,18.8667,-99.65,74.26,37,48,3.13,MX,1651004299
312,presidencia roque saenz pena,-26.7852,-60.4388,96.04,37,51,12.06,AR,1651004111
313,tete,-16.1564,33.5867,74.16,81,86,7.18,MZ,1651004299
314,cozumel,20.5083,-86.9458,86.07,67,75,10.36,MX,1651004300
315,nalut,30.3333,10.85,77.49,16,70,24.11,LY,1651004300
316,taft,31.7471,54.2088,66.15,37,40,13.8,IR,1651004300
317,hay river,60.8156,-115.7999,53.58,37,75,8.05,CA,1651004184
318,palmer,42.1584,-72.3287,53.62,86,100,0.0,US,1651004301
319,naples,40.8333,14.25,61.75,73,0,3.44,IT,1651004301
320,yelanskiy,56.8419,62.5014,50.97,79,92,9.44,RU,1651004301
321,ancud,-41.8697,-73.8203,43.23,70,100,16.04,CL,1651004302
322,naze,28.3667,129.4833,72.52,85,100,15.05,JP,1651004302
323,ulladulla,-35.35,150.4667,58.1,93,85,2.53,AU,1651004303
324,salalah,17.0151,54.0924,82.49,69,20,4.61,OM,1651004303
325,turukhansk,65.8167,87.9833,10.83,95,22,4.07,RU,1651004303
326,nome,64.5011,-165.4064,39.16,85,0,0.0,US,1651004061
327,talcahuano,-36.7167,-73.1167,56.88,67,40,14.97,CL,1651004115
328,rawson,-43.3002,-65.1023,63.07,25,100,19.01,AR,1651004304
329,eureka,40.8021,-124.1637,63.75,68,7,10.0,US,1651004028
330,andilamena,-17.0167,48.5833,60.3,98,21,2.57,MG,1651004304
331,longyearbyen,78.2186,15.6401,1.24,66,40,14.97,SJ,1651004305
332,qaqortoq,60.7167,-46.0333,39.27,75,99,1.9,GL,1651004305
333,jishou,28.3167,109.7167,66.94,91,35,1.25,CN,1651004305
334,kavaratti,10.5669,72.642,85.03,74,32,7.27,IN,1651004306
335,dillon,34.4166,-79.3712,84.11,63,61,6.82,US,1651004306
336,anlu,31.1661,112.5831,67.6,85,21,4.52,CN,1651004306
337,guanica,17.9716,-66.908,83.1,67,92,7.11,PR,1651004307
338,marienburg,54.0359,19.0266,45.88,68,15,4.43,PL,1651004307
339,senneterre,48.3835,-77.2328,36.64,74,100,7.63,CA,1651004307
340,atasu,48.6814,71.6433,49.95,44,92,6.11,KZ,1651004308
341,mantua,45.1667,10.7833,58.15,86,3,1.99,IT,1651004308
342,hit,33.6416,42.8251,75.02,48,0,8.03,IQ,1651004308
343,belmonte,-15.8631,-38.8828,78.55,77,32,8.93,BR,1651004309
344,cullera,39.1667,-0.25,61.36,78,100,3.0,ES,1651004309
345,itaituba,-4.2761,-55.9836,89.76,66,20,5.75,BR,1651004309
346,byron bay,-28.65,153.6167,62.49,84,100,4.61,AU,1651004310
347,dogondoutchi,13.6393,4.0287,91.08,12,7,9.64,NE,1651004310
348,khvatovka,52.3524,46.5628,57.31,70,28,6.73,RU,1651004310
349,omboue,-1.5746,9.2618,78.82,89,100,5.75,GA,1651004311
350,hengyang,26.8881,112.615,70.61,94,59,3.53,CN,1651004311
351,cam ranh,11.9214,109.1591,78.76,89,20,0.0,VN,1651004311
352,tallahassee,30.4383,-84.2807,87.85,49,75,10.36,US,1651004312
353,rorvik,64.8621,11.2373,31.98,86,20,1.14,NO,1651004312
354,channahon,41.4295,-88.2287,53.38,49,40,12.66,US,1651004312
355,kieta,-6.2167,155.6333,79.07,82,57,0.27,PG,1651004191
356,mutsu,41.2894,141.2169,59.02,100,100,20.71,JP,1651004313
357,krasnoye,49.9145,24.6134,47.07,88,87,3.67,UA,1651004313
358,taywarah,33.35,64.4167,56.57,36,100,4.12,AF,1651004313
359,barcelona,41.3888,2.159,64.62,66,20,5.75,ES,1651004156
360,santa cruz,-17.8,-63.1667,89.65,58,75,25.32,BO,1651004314
361,aguimes,27.9054,-15.4461,65.66,62,20,20.71,ES,1651004314
362,ville-marie,47.3335,-79.433,38.16,75,100,5.44,CA,1651004314
363,beruwala,6.4788,79.9828,79.45,86,100,5.06,LK,1651004315
364,kigoma,-4.8769,29.6267,72.84,85,100,4.27,TZ,1651004315
365,makakilo city,21.3469,-158.0858,77.32,71,75,18.41,US,1651004315
366,bundibugyo,0.7414,30.0417,65.68,96,79,3.87,UG,1651004316
367,thompson,55.7435,-97.8558,37.56,23,0,9.22,CA,1651004316
368,carballo,43.213,-8.691,57.87,89,20,2.26,ES,1651004316
369,tahe,52.3333,124.7333,26.17,64,0,4.54,CN,1651004316
370,quatre cocos,-20.2078,57.7625,76.08,80,35,12.24,MU,1651004317
371,ugleuralskiy,58.9534,57.5846,49.19,93,100,9.17,RU,1651004317
372,inhambane,-23.865,35.3833,73.76,70,87,14.76,MZ,1651004317
373,verkhnedneprovskiy,54.9813,33.3457,42.53,84,99,5.1,RU,1651004318
374,mbanza-ngungu,-5.25,14.8667,69.39,96,100,3.18,CD,1651004318
375,grand gaube,-20.0064,57.6608,76.37,76,9,1.99,MU,1651004303
376,syava,58.0146,46.3222,46.87,92,76,3.89,RU,1651004318
377,port hardy,50.6996,-127.4199,46.58,76,75,5.75,CA,1651004319
378,manokwari,-0.8667,134.0833,78.21,78,79,3.27,ID,1651004319
379,pochutla,15.7432,-96.4661,85.82,48,56,9.37,MX,1651004319
380,moron,-34.6534,-58.6198,75.09,83,100,9.19,AR,1651004320
381,road town,18.4167,-64.6167,80.64,65,40,11.5,VG,1651004080
382,ketchikan,55.3422,-131.6461,46.87,71,75,5.75,US,1651004320
383,sao joao da barra,-21.6403,-41.0511,82.49,83,4,9.26,BR,1651004320
384,ahuimanu,21.4447,-157.8378,78.51,75,100,18.41,US,1651004321
385,killybegs,54.6333,-8.45,53.31,76,86,10.0,IE,1651004321
386,westport,41.1415,-73.3579,59.38,95,100,9.22,US,1651004060
387,pouembout,-21.1333,164.9,68.79,76,99,4.63,NC,1651004321
388,bud,39.447,-86.1758,56.89,54,5,14.67,US,1651004322
389,praia,14.9215,-23.5087,72.14,73,20,20.71,CV,1651004322
390,campos,-21.75,-41.3,82.45,69,20,10.36,BR,1651004322
391,dong hoi,17.4833,106.6,79.54,81,100,3.53,VN,1651004054
392,aldan,58.6031,125.3894,16.74,94,56,3.94,RU,1651004307
393,yerofey pavlovich,53.9667,121.9667,22.66,68,18,4.76,RU,1651004323
394,chitral,35.8462,71.7858,63.07,36,14,4.18,PK,1651004323
395,clyde river,70.4692,-68.5914,23.23,93,100,10.36,CA,1651004323
396,samarai,-10.6167,150.6667,81.07,77,100,4.99,PG,1651004324
397,unity,52.4501,-109.1682,53.26,42,100,21.7,CA,1651004324
398,sept-iles,50.2001,-66.3821,37.06,95,100,1.01,CA,1651004087
399,labuhan,-6.8844,112.2051,78.51,87,100,4.43,ID,1651004324
400,qasigiannguit,68.8193,-51.1922,35.85,87,100,12.91,GL,1651004325
401,san cristobal,7.7669,-72.225,80.78,71,96,2.46,VE,1651004325
402,nouadhibou,20.931,-17.0347,66.18,82,0,20.71,MR,1651004325
403,george town,5.4112,100.3354,80.53,98,40,6.91,MY,1651004296
404,henties bay,-22.116,14.2845,63.32,70,1,5.95,NA,1651004326
405,port shepstone,-30.7414,30.455,61.88,71,0,10.45,ZA,1651004326
406,borovskoy,53.8,64.15,51.53,67,28,7.52,KZ,1651004326
407,bubaque,11.2833,-15.8333,78.17,77,93,16.26,GW,1651004327
408,launceston,-41.45,147.1667,51.44,90,100,9.22,AU,1651004327
409,lethem,3.3803,-59.7968,89.83,52,93,5.57,GY,1651004327
410,balabac,7.9868,117.0645,81.09,78,100,2.44,PH,1651004328
411,corrente,-3.7367,-43.3394,81.54,75,92,3.62,BR,1651004328
412,prince rupert,54.3161,-130.3201,46.49,71,100,5.75,CA,1651004298
413,cutlerville,42.8409,-85.6636,41.16,70,100,17.27,US,1651004171
414,balikpapan,-1.2675,116.8289,74.39,100,40,12.66,ID,1651004326
415,tacoronte,28.4769,-16.4102,62.26,82,40,18.01,ES,1651004329
416,manggar,-2.8833,108.2667,80.35,80,100,1.77,ID,1651004329
417,dubti,11.7361,41.0853,90.54,40,6,14.56,ET,1651004176
418,shalya,57.2471,58.7298,52.63,79,100,11.59,RU,1651004329
419,ewa beach,21.3156,-158.0072,78.75,70,40,18.41,US,1651004330
420,college,64.8569,-147.8028,48.52,57,75,4.61,US,1651004330
421,esperance,-33.8667,121.9,58.84,66,1,6.87,AU,1651004330
422,petropavlovsk-kamchatskiy,53.0452,158.6483,36.19,56,0,2.24,RU,1651004331
423,hokitika,-42.7167,170.9667,50.77,74,0,5.06,NZ,1651004331
424,axim,4.8699,-2.2405,80.8,85,77,8.46,GH,1651004331
425,gimli,50.6336,-96.9907,26.62,50,13,9.22,CA,1651004331
426,kashan,33.9831,51.4364,69.39,45,0,2.3,IR,1651004332
427,northam,51.0333,-4.2167,52.61,60,24,6.85,GB,1651004332
428,nemuro,43.3236,145.575,41.83,100,100,9.95,JP,1651004332
429,san policarpo,12.1791,125.5072,81.16,86,100,12.46,PH,1651004333
430,lovozero,68.005,35.0117,17.2,69,100,15.12,RU,1651004333
431,roma,43.2128,-75.4557,52.38,69,100,10.0,US,1651004333
432,vlore,40.4667,19.4897,59.05,64,0,5.44,AL,1651004334
433,tam ky,15.5667,108.4833,76.95,90,4,3.44,VN,1651004334
434,gonzalez,30.5816,-87.2914,84.04,67,75,12.66,US,1651004334
435,pangnirtung,66.1451,-65.7125,-2.2,78,0,2.3,CA,1651004335
436,verkhoshizhemye,58.011,49.1038,48.99,97,100,4.72,RU,1651004335
437,khani,41.9563,42.9566,45.97,86,96,2.24,GE,1651004336
438,dalvik,65.9702,-18.5286,44.53,94,100,3.42,IS,1651004336
439,guerrero negro,27.9769,-114.0611,76.84,36,7,14.56,MX,1651004336
440,pueblo nuevo,23.3833,-105.3833,79.66,23,60,10.98,MX,1651004337
441,basco,20.4487,121.9702,82.0,84,1,18.34,PH,1651004337
442,pompeu,-19.2244,-44.9353,78.85,46,80,2.35,BR,1651004337
443,zabaykalsk,49.6333,117.3167,28.8,48,8,10.49,RU,1651004338
444,tarqui,2.1125,-75.8242,83.35,64,77,4.14,CO,1651004338
445,daru,-9.0763,143.2092,79.86,82,100,5.03,PG,1651004338
446,hvolsvollur,63.7533,-20.2243,45.27,73,100,5.01,IS,1651004339
447,nador,35.174,-2.9287,61.05,82,0,4.61,MA,1651004339
448,kodinsk,58.6881,99.1844,27.91,91,100,5.28,RU,1651004339
449,portland,45.5234,-122.6762,55.53,76,75,5.99,US,1651003984
450,havre-saint-pierre,50.2334,-63.5986,39.56,93,100,5.75,CA,1651004340
451,brigantine,39.4101,-74.3646,78.21,75,40,5.75,US,1651004340
452,inirida,3.8653,-67.9239,76.66,94,100,2.55,CO,1651004340
453,kloulklubed,7.0419,134.2556,77.29,88,100,7.2,PW,1651004227
454,am timan,11.0297,20.2827,92.93,31,100,1.12,TD,1651004341
455,gushikawa,26.3544,127.8686,77.0,91,100,16.11,JP,1651004341
456,kinna,57.5073,12.6946,47.34,64,91,5.1,SE,1651004341
457,ciudad bolivar,8.1222,-63.5497,84.74,64,100,4.65,VE,1651004342
458,palasa,18.7667,84.4167,78.84,90,0,8.08,IN,1651004342
459,chapais,49.7834,-74.8492,33.58,82,100,9.73,CA,1651004343
460,havelock,34.8791,-76.9013,84.97,71,20,19.57,US,1651004343
461,marshall,34.3834,-86.3333,69.1,44,0,12.66,US,1651004035
462,ambikapur,23.1167,83.2,78.62,15,5,3.42,IN,1651004343
463,half moon bay,37.4636,-122.4286,70.29,63,0,21.85,US,1651004344
464,oistins,13.0667,-59.5333,80.69,83,40,8.05,BB,1651004150
465,tayshet,55.9342,98.0044,34.88,80,100,9.91,RU,1651004344
466,neepawa,50.2289,-99.4664,36.0,84,92,7.87,CA,1651004345
467,houma,29.5958,-90.7195,80.6,68,40,9.22,US,1651004147
468,viedma,-40.8135,-62.9967,68.27,29,100,13.04,AR,1651004345
469,verkhoyansk,67.5447,133.385,1.13,100,83,1.81,RU,1651004345
470,karpogory,64.0019,44.4451,32.49,99,100,2.64,RU,1651004346
471,stornoway,58.2093,-6.3865,48.16,80,100,10.36,GB,1651004346
472,san andres,12.5847,-81.7006,84.22,79,75,13.8,CO,1651004346
473,matara,5.9485,80.5353,78.82,86,91,1.63,LK,1651004347
474,hualmay,-11.0964,-77.6139,72.37,75,25,11.14,PE,1651004347
475,dicabisagan,17.0818,122.4157,78.73,87,16,4.16,PH,1651004347
476,los llanos de aridane,28.6585,-17.9182,62.35,74,20,16.11,ES,1651004348
477,winchester,51.0651,-1.3187,54.37,61,0,8.05,GB,1651004348
478,chardara,41.2547,67.9692,68.4,43,100,5.28,KZ,1651004348
479,marana,32.4367,-111.2254,97.56,8,0,9.22,US,1651004245
480,dingle,10.9995,122.6711,77.41,89,100,7.27,PH,1651004349
481,wiarton,44.7407,-81.1332,42.4,80,100,10.36,CA,1651004349
482,maiduguri,11.8464,13.1603,91.6,33,99,9.35,NG,1651004349
483,pesochnoye,58.006,39.1772,38.57,95,84,4.29,RU,1651004350
484,damietta,31.4165,31.8133,65.39,74,100,7.18,EG,1651004350
485,sarankhola,22.3082,89.7897,78.93,94,0,6.08,BD,1651004350
486,flin flon,54.7682,-101.865,35.98,57,0,11.81,CA,1651004278
487,muli,2.9167,73.5667,84.49,70,98,3.18,MV,1651004351
488,aswan,24.0934,32.907,85.59,17,35,11.97,EG,1651004351
489,esmeraldas,-19.7625,-44.3139,82.51,57,98,3.58,BR,1651004352
490,gazli,40.1333,63.45,70.07,29,100,10.36,UZ,1651004352
491,silver city,32.7701,-108.2803,71.56,30,0,14.97,US,1651004099
492,santo augusto,-27.8508,-53.7772,77.4,75,84,10.45,BR,1651004352
493,waingapu,-9.6567,120.2641,74.95,71,99,4.36,ID,1651004353
494,bumba,2.1833,22.4667,71.13,93,100,3.09,CD,1651004169
495,sergeyevka,53.88,67.4158,51.73,73,49,5.88,KZ,1651004353
496,rio grande,-32.035,-52.0986,75.31,84,32,14.36,BR,1651004173
497,duxbury,42.0418,-70.6723,58.14,79,100,8.05,US,1651004353
498,cockburn town,21.4612,-71.1419,76.53,69,2,18.23,TC,1651004143
499,robertsport,6.7533,-11.3686,81.68,84,95,11.54,LR,1651004354
500,sibolga,1.7427,98.7792,77.85,82,100,3.51,ID,1651004232
501,salinopolis,-0.6136,-47.3561,81.64,78,98,11.16,BR,1651004354
502,hambantota,6.1241,81.1185,81.01,79,82,0.36,LK,1651004355
503,cabedelo,-6.9811,-34.8339,81.27,74,28,16.37,BR,1651004355
504,montepuez,-13.1256,38.9997,68.29,99,68,3.8,MZ,1651004355
505,vavoua,7.3819,-6.4778,78.58,63,83,2.21,CI,1651004356
506,isangel,-19.55,169.2667,76.37,56,100,14.23,VU,1651004356
507,christchurch,-43.5333,172.6333,48.99,90,31,1.01,NZ,1651004106
508,acajutla,13.5928,-89.8275,87.67,59,78,8.81,SV,1651004356
509,sindor,62.8629,51.8905,38.34,94,100,6.42,RU,1651004357
510,garmsar,35.2182,52.3409,73.36,38,100,4.16,IR,1651004357
511,sikasso,10.9167,-7.0,91.62,14,66,3.0,ML,1651004357
512,tazmalt,36.3868,4.3989,62.26,82,100,6.53,DZ,1651004358
513,anchorage,61.2181,-149.9003,50.88,56,0,4.61,US,1651004070
514,bilma,18.6853,12.9164,90.25,9,0,2.64,NE,1651004358
515,kouroussa,10.65,-9.8833,89.78,16,5,2.28,GN,1651004358
516,hoquiam,46.9809,-123.8893,51.94,73,0,14.97,US,1651004359
517,fukue,32.6881,128.8419,63.72,94,100,10.33,JP,1651004359
518,samarinda,-0.5,117.15,72.73,99,95,1.59,ID,1651004359
519,troitskoye,52.9821,84.6757,46.38,54,100,5.75,RU,1651004360
520,lumsden,50.6501,-104.8678,46.0,39,36,23.98,CA,1651004360
521,goundam,16.4145,-3.6708,87.22,20,2,11.18,ML,1651004360
522,mahanoro,-19.9,48.8,72.95,89,20,6.53,MG,1651004236
523,dubai,25.2582,55.3047,88.05,42,0,6.91,AE,1651004282
524,dauphin,51.1494,-100.0502,30.34,64,0,14.97,CA,1651004361
525,sainte-anne-des-monts,49.124,-66.4924,49.87,71,100,10.36,CA,1651004361
526,lamu,-2.2717,40.902,82.62,82,24,10.38,KE,1651004362
527,manacapuru,-3.2997,-60.6206,87.28,64,82,5.08,BR,1651004362
528,nanchang,28.6833,115.8833,69.24,88,54,6.22,CN,1651004064
529,rudnaya pristan,44.3614,135.8116,40.15,89,80,9.35,RU,1651004362
530,pathein,16.7833,94.7333,81.12,79,13,8.46,MM,1651004363
531,kakrala,27.9,79.2,86.95,12,0,2.21,IN,1651004363
532,orlik,52.5178,99.825,19.65,74,76,3.71,RU,1651004363
533,toora-khem,52.4675,96.11,26.89,90,87,0.4,RU,1651004364
534,libertador general san martin,-23.8064,-64.7876,88.97,49,65,6.89,AR,1651004364
535,flinders,-34.5833,150.8552,61.18,93,100,4.0,AU,1651004364
536,norman wells,65.282,-126.8329,41.04,56,75,12.66,CA,1651004365
537,burgeo,47.6167,-57.6152,43.47,75,100,7.78,CA,1651004365
538,rabo de peixe,37.8,-25.5833,62.11,77,20,9.22,PT,1651004365
539,namibe,-15.1961,12.1522,71.64,74,1,4.81,AO,1651004332
540,malanje,-9.5402,16.341,65.77,92,99,3.0,AO,1651004366
541,atbasar,51.8,68.3333,54.05,59,72,2.39,KZ,1651004366
542,limon,10.0,-83.0333,80.49,83,75,6.91,CR,1651004366
543,antalaha,-14.9003,50.2788,72.57,85,20,5.61,MG,1651004367
544,stranda,62.3096,6.9358,41.34,78,100,4.18,NO,1651004367
545,evinayong,1.4368,10.5512,68.41,99,93,1.41,GQ,1651004368
546,katherine,-14.4667,132.2667,79.12,69,75,5.75,AU,1651004368
547,mirabela,-16.2628,-44.1644,81.14,41,7,7.67,BR,1651004368
548,sturgis,41.7992,-85.4192,44.26,65,100,10.36,US,1651004368
549,rivers,50.0308,-100.2403,34.75,72,7,12.55,CA,1651004369
550,englewood,39.6478,-104.9878,75.92,12,75,5.99,US,1651004369
551,bogorodskoye,56.55,37.8833,41.59,92,67,4.88,RU,1651004369
552,ahipara,-35.1667,173.1667,62.53,71,96,6.98,NZ,1651004370
553,tres arroyos,-38.3739,-60.2798,67.55,83,89,12.08,AR,1651004370
554,vinh,18.6667,105.6667,78.4,88,37,3.96,VN,1651004208
555,paris,48.8534,2.3488,56.1,63,75,9.22,FR,1651004171
556,zyryanka,65.75,150.85,16.84,94,100,17.31,RU,1651004371
557,vanimo,-2.6741,141.3028,77.88,90,100,5.86,PG,1651004268
